{
    "name":"testscene",
    "materials":{
        "white":{
            "kd":[1.0, 1.0, 1.0],
            "ks":[1.0, 1.0, 1.0]
        },
        "gray":{
            "kd":[0.5, 0.5, 0.5],
            "ks":[1.0, 1.0, 1.0]
        },
        "gold":{
            "kd":[0.83, 0.69, 0.22],
            "ks":[1, 1, 1]
        }
    },

    "lights":[
        {
            "pos":[7.97,11.35,11.64],
            "color":[1, 1, 1]
        }
    ],
    
    "cameras":[
        {
            "pos": [0.00, 0.42, 20.75],
            "rot": [-0.16, -0.01, 0.00, 0.99],
            "fovy": 1.00
        },
        {
            "pos": [0.00, 14.19, 37.05],
            "rot": [0.10, 0.00, 0.00, 0.99],
            "fovy": 1.00
        }
    ],
    "children":[
        {
            "transform":[1, 0, 0, 0,
                        0, 0, -1, 10,
                        0, 1, 0, -10,
                        0, 0, 0, 1],
        "children": [ 
            {
        "transform":[200, 0, 0, 0,
                    0, 200, 0, 0,
                    0, 0, 200, 0,
                    0, 0, 0, 1],
            "shapes": [
                {
                "type":"mesh",
                "filename":"square.off",
                "material":"gray"
                }
            ]
            }
        ]  
    
    },
        {
            "transform":[200, 0, 0, 0,
                        0, 200, 0, 0,
                        0, 0, 200, 0,
                        0, 0, 0, 1],
            "shapes":[
                {
                "type":"mesh",
                "filename":"square.off",
                "material":"white"
                }
            ]
        },
        {
            "transform":[1, 0, 0, 10,
                        0, 1, 0, 0,
                        0, 0, 1, 5,
                        0, 0, 0, 1],
            "children": [ {
            "transform":[0.5, 0, -0.866, 0,
                        0, 1, 0, 0,
                        0.866, 0, 0.5, 0,
                        0, 0, 0, 1],            
            "shapes":[
                {
                "type":"scene",
                "filename": "penguin.json"
                }
            ]
        }
    ]
        },
        {
            "transform":[1, 0, 0, -10,
                        0, 1, 0, 0,
                        0, 0, 1, 5,
                        0, 0, 0, 1],
            "children": [ {
            "transform":[0.5, 0, 0.866, 0,
                        0, 1, 0, 0,
                        -0.866, 0, 0.5, 0,
                        0, 0, 0, 1],            
            "shapes":[
                {
                "type":"scene",
                "filename": "penguin.json"
                }
            ]
        }
    ]
        },
        {
            "transform":[1, 0, 0, 0,
                        0, 1, 0, 0,
                        0, 0, 1, 0,
                        0, 0, 0, 1],
            "shapes":[
                {
                "type":"scene",
                "filename": "penguin.json"
                }
            ]
        }
        ]
    }
    
    
    
        