{
    "name":"testscene",
    "materials":{
        "green":{
            "ka":[0.05, 0.05, 0.05],
            "kd":[0.0, 1.0, 0.0],
            "ks":[1.0, 1.0, 1.0]
        },
        "red":{
            "kd":[1.0, 0.0, 0.0],
            "ks":[1.0, 1.0, 1.0]
        },
        "gray":{
            "kd":[0.5, 0.55, 0.5],
            "ks":[1.0, 1.0, 1.0]
        },
        "gold":{
            "kd":[0.83, 0.69, 0.22],
            "ks":[1, 1, 1]
        },
        "black" : {
            "kd": [0.1, 0.1, 0.1],
            "ks": [1.0, 1.0, 1.0]
        },
        "white" : {
            "kd": [1.0, 1.0, 1.0],
            "ks": [1.0, 1.0, 1.0]
        },
        "orange" : {
            "kd": [1.0, 0.6, 0.1],
            "ks": [1.0, 1.0, 1.0]
        },
        "purple" : {
            "kd": [0.0, 1.0, 1.0],
            "ks": [1.0, 1.0, 1.0]
        }
        
    },

    "lights":[
        {
            "pos":[7.97,11.35,11.64],
            "color":[1, 1, 1]
        }
    ],
    
    "cameras":[
        {
            "pos": [-0.79, 11.73, 26.11],
            "rot": [0.10, 0.01, 0.00, 1.00],
            "fovy": 1.00
        },
        {
            "pos": [0.00, 1.50, -5.00],
            "rot": [0.00, 1.00, 0.00, 0.00],
            "fovy": 1.0
        }
    ],

    "children":[
        {
            "transform":[3, 0, 0, 0,
                         0, 5, 0, 5,
                         0, 0, 3, 0,
                         0, 0, 0, 1],
            "shapes":[
                {
                    "type":"sphere",
                    "radius": 1,
                    "center":[0, 0, 0.1],
                    "material":"white"
                }
            ],
            "children":[
                { 
                "transform":[1.2, 0, 0, 0,
                            0, 1, 0, 0,
                            0, 0, 1, 0,
                            0, 0, 0, 1],
                "shapes":[
               {
                   "type":"sphere",
                   "radius": 2,
                   "center":[0, 0, 0],
                   "material":"black"
               }
                    ]
                }
            ]
        },
        {
            "transform":[0.866, -0.5, 0, 0,
                        0.5, 0.866, 0, 0,
                        0, 0, 1, 0,
                        0, 0, 0, 1],
        "children": [ 
            {
        "transform":[1, 0, 0, 6,
                    0, 4, 0, 3,
                    0, 0, 1, -2,
                    0, 0, 0, 1],
        "shapes":[
            {
                "type":"sphere",
                "radius": 10,
                "center":[0, 0, 2],
                "material":"black"
            }
            ]
            }
        ]  
    
},
{
    "transform":[0.866, 0.5, 0, 0,
                -0.5, 0.866, 0, 0,
                0, 0, 1, 0,
                0, 0, 0, 1],
"children": [ 
    {
"transform":[1, 0, 0, -6,
            0, 4, 0, 3,
            0, 0, 1, -2,
            0, 0, 0, 1],
"shapes":[
    {
        "type":"sphere",
        "radius": 10,
        "center":[0, 0, 2],
        "material":"black"
    }
    ]
    }
]  

},
        {
            "transform":[0.018, 0, 0, 1.2,
                        0, 0.018, 0, 10,
                        0, 0, 0.018, 19,
                        0, 0, 0, 1],
            "shapes":[
                {
                "type":"mesh",
                "filename":"proftralie.off",
                "material":"purple"
                }
            ]
        },
        
        {
            "transform":[2, 0, 0, 2,
                        0, 2, 0, 1,
                        0, 0, 5, 2,
                        0, 0, 0, 2],
            "children": [ {
            "transform":[0, 0, 1, 0,
                        0, 1, 0, 0,
                        -1, 0, 0, 0,
                        0, 0, 0, 1],
            "children": [ {
            "transform":[0.866, 0.5, 0, 0,
                        -0.5, 0.866, 0, 0,
                        0, 0, 1, 0,
                        0, 0, 0, 1],
            "shapes":[
                {
                "type":"mesh",
                "filename":"triangularPrism.off",
                "material":"orange"
                }
            ]
        }  
    ]
}
    ]
},  
{
    "transform":[2, 0, 0, -2,
                0, 2, 0, 1,
                0, 0, 5, 2,
                0, 0, 0, 2],
    "children": [ {
    "transform":[0, 0, 1, 0,
                0, 1, 0, 0,
                -1, 0, 0, 0,
                0, 0, 0, 1],
    "children": [ {
    "transform":[0.866, 0.5, 0, 0,
                -0.5, 0.866, 0, 0,
                0, 0, 1, 0,
                0, 0, 0, 1],
    "shapes":[
        {
        "type":"mesh",
        "filename":"triangularPrism.off",
        "material":"orange"
        }
    ]
}  
]
}
]
}
    ]
}
